name                            ,codex ,nationality,gender
kobayashi ryoyu                 ,6288  ,JPN        ,M
steiner maximilian              ,6788  ,AUT        ,M
kytosaho niko                   ,6912  ,FIN        ,M
jelar ziga                      ,6483  ,SLO        ,M
zniszczol aleksander            ,5494  ,POL        ,M
lackner thomas                  ,5517  ,AUT        ,M
schiffner markus                ,5585  ,AUT        ,M
nazarov mikhail                 ,6036  ,RUS        ,M
schlierenzauer gregor           ,5040  ,AUT        ,M
prevc cene                      ,6480  ,SLO        ,M
hamann martin                   ,6551  ,GER        ,M
leitner clemens                 ,6711  ,AUT        ,M
aalto antti                     ,6996  ,FIN        ,M
prevc domen                     ,7091  ,SLO        ,M
lanisek anze                    ,6437  ,SLO        ,M
aigro artti                     ,6918  ,EST        ,M
boyd-clowes mackenzie           ,4678  ,CAN        ,M
paschke pius                    ,2171  ,GER        ,M
johansson robert                ,5589  ,NOR        ,M
eriksen sander vossan           ,7773  ,NOR        ,M
hayboeck michael                ,5288  ,AUT        ,M
deschwanden gregor              ,5435  ,SUI        ,M
forfang johann andre            ,6100  ,NOR        ,M
klimov evgeniy                  ,6645  ,RUS        ,M
stekala andrzej                 ,6698  ,POL        ,M
hoerl jan                       ,7450  ,AUT        ,M
tande daniel andre              ,6098  ,NOR        ,M
muranka klemens                 ,5326  ,POL        ,M
sato keiichi                    ,7006  ,JPN        ,M
freund severin                  ,4197  ,GER        ,M
aschenwald philipp              ,6084  ,AUT        ,M
zografski vladimir              ,5168  ,BUL        ,M
prevc peter                     ,5658  ,SLO        ,M
kobayashi junshiro              ,5451  ,JPN        ,M
zyla piotr                      ,4325  ,POL        ,M
ammann simon                    ,2067  ,SUI        ,M
geiger karl                     ,5567  ,GER        ,M
dean decker                     ,7936  ,USA        ,M
kraft stefan                    ,5497  ,AUT        ,M
schmid constantin               ,7196  ,GER        ,M
stoch kamil                     ,4321  ,POL        ,M
kot maciej                      ,5298  ,POL        ,M
eisenbichler markus             ,5253  ,GER        ,M
kahofer timon-pascal            ,6701  ,AUT        ,M
kubacki dawid                   ,5142  ,POL        ,M
fettner manuel                  ,2928  ,AUT        ,M
huber daniel                    ,5945  ,AUT        ,M
polasek viktor                  ,6724  ,CZE        ,M
granerud halvor egner           ,6880  ,NOR        ,M
rupitsch markus                 ,6878  ,AUT        ,M
tollinger elias                 ,6327  ,AUT        ,M
bickner kevin                   ,6671  ,USA        ,M
sakuyama kento                  ,5521  ,JPN        ,M
maeaettae jarkko                ,5796  ,FIN        ,M
insam alex                      ,6758  ,ITA        ,M
kozisek cestmir                 ,5063  ,CZE        ,M
glasder michael                 ,2805  ,USA        ,M
muminov sabirzhan               ,5788  ,KAZ        ,M
colloredo sebastian             ,4186  ,ITA        ,M
romashov alexey                 ,5706  ,RUS        ,M
vassiliev dimitry               ,2813  ,RUS        ,M
stursa vojtech                  ,6414  ,CZE        ,M
peier killian                   ,6235  ,SUI        ,M
nousiainen eetu                 ,7354  ,FIN        ,M
rhoads william                  ,6581  ,USA        ,M
poppinger manuel                ,5039  ,AUT        ,M
kornilov denis                  ,4880  ,RUS        ,M
wolny jakub                     ,6165  ,POL        ,M
kasai noriaki                   ,2022  ,JPN        ,M
aigner clemens                  ,5518  ,AUT        ,M
zajc timi                       ,7147  ,SLO        ,M
takeuchi taku                   ,4367  ,JPN        ,M
semenic anze                    ,5626  ,SLO        ,M
bartol tilen                    ,6633  ,SLO        ,M
leyhe stephan                   ,5262  ,GER        ,M
hula stefan                     ,4322  ,POL        ,M
stjernen andreas                ,5174  ,NOR        ,M
damjan jernej                   ,4025  ,SLO        ,M
fannemel anders                 ,5972  ,NOR        ,M
wellinger andreas               ,6696  ,GER        ,M
diethart thomas                 ,5438  ,AUT        ,M
strolz andreas                  ,4714  ,AUT        ,M
innauer mario                   ,5038  ,AUT        ,M
dellasega diego                 ,5324  ,ITA        ,M
levkin evgeni                   ,5607  ,KAZ        ,M
watase yuta                     ,2852  ,JPN        ,M
descombes sevoie vincent        ,2987  ,FRA        ,M
sliz rafal                      ,4734  ,POL        ,M
grigoli marco                   ,1922  ,SUI        ,M
boshchuk volodymyr              ,4336  ,UKR        ,M
korolev alexey                  ,1905  ,KAZ        ,M
kim hyun-ki                     ,2024  ,KOR        ,M
lazarovych oleksandr            ,4920  ,UKR        ,M
trofimov roman                  ,5760  ,RUS        ,M
pikl primoz                     ,3023  ,SLO        ,M
choi heung-chul                 ,2025  ,KOR        ,M
tepes jurij                     ,4646  ,SLO        ,M
sedlak borek                    ,2999  ,CZE        ,M
ruuskanen juha-matti            ,2916  ,FIN        ,M
bachleda marcin                 ,2036  ,POL        ,M
muotka olli                     ,5185  ,FIN        ,M
hlava lukas                     ,3090  ,CZE        ,M
thurnbichler stefan             ,1972  ,AUT        ,M
bodmer pascal                   ,2129  ,GER        ,M
matura jan                      ,2947  ,CZE        ,M
uhrmann michael                 ,2010  ,GER        ,M
freitag richard                 ,5564  ,GER        ,M
koivuranta anssi                ,5119  ,FIN        ,M
janda jakub                     ,1984  ,CZE        ,M
kranjec robert                  ,2918  ,SLO        ,M
schmitt martin                  ,1998  ,GER        ,M
koudelka roman                  ,4801  ,CZE        ,M
ahonen janne                    ,1995  ,FIN        ,M
velta rune                      ,5987  ,NOR        ,M
chedal emmanuel                 ,2819  ,FRA        ,M
tochimoto shohei                ,2530  ,JPN        ,M
romoeren bjoern einar           ,2917  ,NOR        ,M
hocke stephan                   ,4015  ,GER        ,M
neumayer michael                ,2927  ,GER        ,M
jacobsen anders                 ,4889  ,NOR        ,M
koch martin                     ,2815  ,AUT        ,M
bardal anders                   ,2934  ,NOR        ,M
evensen johan remen             ,5749  ,NOR        ,M
ito daiki                       ,4259  ,JPN        ,M
loitzl wolfgang                 ,2088  ,AUT        ,M
karelin pavel                   ,2546  ,RUS        ,M
hilde tom                       ,5064  ,NOR        ,M
larinto ville                   ,5396  ,FIN        ,M
malysz adam                     ,2039  ,POL        ,M
hautamaeki matti                ,1991  ,FIN        ,M
kofler andreas                  ,4141  ,AUT        ,M
morgenstern thomas              ,4143  ,AUT        ,M
li chao                         ,6226  ,CHN        ,M
pilch tomasz                    ,7336  ,POL        ,M
tursunzhanov nurshat            ,7586  ,KAZ        ,M
ipcioglu fatih arda             ,6177  ,TUR        ,M
cintimar muhammet irfan         ,6176  ,TUR        ,M
kobayashi tatsunao              ,8040  ,JPN        ,M
yang guang                      ,5166  ,CHN        ,M
lauchlan nigel                  ,6851  ,CAN        ,M
foubert valentin                ,7856  ,FRA        ,M
brasme paul                     ,6716  ,FRA        ,M
cecon francesco                 ,7524  ,ITA        ,M
bombek jan                      ,8009  ,SLO        ,M
bedir muhammed ali              ,7282  ,TUR        ,M
maltsev kevin                   ,6951  ,EST        ,M
holik frantisek                 ,6328  ,CZE        ,M
kadyrov ilshat                  ,7587  ,KAZ        ,M
purtov mikhail                  ,7915  ,RUS        ,M
chen zhe                        ,7841  ,CHN        ,M
moroder daniel                  ,7520  ,ITA        ,M
kolobov maksim                  ,219604,RUS        ,M
heggli bendik jakobsen          ,9341  ,NOR        ,M
molnar florian                  ,7330  ,HUN        ,M
kudo sota                       ,7561  ,JPN        ,M
fujita shinnosuke               ,7501  ,JPN        ,M
ikeda ryusei                    ,7719  ,JPN        ,M
scharffs greyson                ,8170  ,USA        ,M
vassilyev danil                 ,7888  ,KAZ        ,M
niznik adam                     ,7840  ,POL        ,M
mogel zak                       ,7542  ,SLO        ,M
juroszek kacper                 ,7835  ,POL        ,M
bresadola giovanni              ,7333  ,ITA        ,M
woergoetter marco               ,8019  ,AUT        ,M
hauswirth sandro                ,6999  ,SUI        ,M
sakala filip                    ,6088  ,CZE        ,M
nikaido ren                     ,7305  ,JPN        ,M
hafnar mark                     ,7761  ,SLO        ,M
rainer stefan                   ,7456  ,AUT        ,M
maerkl kilian                   ,7112  ,GER        ,M
grilc tjas                      ,8131  ,SLO        ,M
presecnik jernej                ,7366  ,SLO        ,M
hvala jaka                      ,5891  ,SLO        ,M
raimund philipp                 ,7349  ,GER        ,M
ladehaug anders                 ,7192  ,NOR        ,M
baer moritz                     ,7211  ,GER        ,M
kos lovro                       ,7492  ,SLO        ,M
bjoereng joacim oedegaard       ,7256  ,NOR        ,M
roth luca                       ,7155  ,GER        ,M
buskum andreas granerud         ,6532  ,NOR        ,M
ringen sondre                   ,7679  ,NOR        ,M
wohlgenannt ulrich              ,5519  ,AUT        ,M
byrt tomasz                     ,5493  ,POL        ,M
pytel michal                    ,6614  ,POL        ,M
zyla damian                     ,6166  ,POL        ,M
zapotoczny andrzej              ,5745  ,POL        ,M
szostok szymon                  ,6155  ,POL        ,M
gasienica laskowy bartosz       ,6160  ,POL        ,M
rutkowski lukasz                ,5141  ,POL        ,M
klaric jernej                   ,6484  ,SLO        ,M
menz florian                    ,5864  ,GER        ,M
klinec gasper                   ,5836  ,SLO        ,M
zmoray tomas                    ,1967  ,SVK        ,M
demir ayberk                    ,6179  ,TUR        ,M
myhre sondre                    ,6399  ,NOR        ,M
henningsen alexander            ,6099  ,NOR        ,M
stenseth mathis rebne           ,6868  ,NOR        ,M
muravitski aliaksei             ,5378  ,BLR        ,M
hoff andreas                    ,6843  ,NOR        ,M
kamynin aleksei                 ,6688  ,RUS        ,M
soeberg sigurd nymoen           ,6844  ,NOR        ,M
krapez david                    ,6684  ,SLO        ,M
dreher michael                  ,6199  ,GER        ,M
grm david                       ,6435  ,SLO        ,M
sogard jonas gropen             ,6533  ,NOR        ,M
bergquist hans petter           ,6206  ,NOR        ,M
likar matej                     ,5838  ,SLO        ,M
pachin andrey                   ,6029  ,RUS        ,M
silih zak                       ,6683  ,SLO        ,M
zepic aljaz                     ,6315  ,SLO        ,M
hlebanja ales                   ,5751  ,SLO        ,M
wangler niclas                  ,5890  ,GER        ,M
streitler patrick hermann       ,6329  ,AUT        ,M
livelten adrian soerensen       ,6865  ,NOR        ,M
loeffler tobias                 ,6632  ,GER        ,M
verbajs tomaz                   ,6109  ,SLO        ,M
maladsou nikita                 ,6675  ,BLR        ,M
vodan aljaz                     ,5893  ,SLO        ,M
skinnes stian andre             ,6401  ,NOR        ,M
khalezov alexander              ,6782  ,RUS        ,M
lugert tobias                   ,6071  ,GER        ,M
kalinchuk andriy                ,6463  ,UKR        ,M
kot jakub                       ,5297  ,POL        ,M
soucek jan                      ,6413  ,CZE        ,M
bartos david                    ,6412  ,CZE        ,M
kojzar mateusz                  ,6156  ,POL        ,M
kulikov sergei                  ,6685  ,RUS        ,M
mytskaniuk yauheny              ,5379  ,BLR        ,M
janota konrad                   ,6699  ,POL        ,M
milczanowski michal             ,6158  ,POL        ,M
zhurakivskyy vasyl              ,5374  ,UKR        ,M
horlacher kevin                 ,2138  ,GER        ,M
ripper david                    ,5990  ,CZE        ,M
kanik dawid                     ,6366  ,POL        ,M
winkler david                   ,5481  ,GER        ,M
mazoch jiri                     ,5062  ,CZE        ,M
kadlec milos                    ,6055  ,CZE        ,M
leja krysztof                   ,5512  ,POL        ,M
gasienica-kotelnicki wojciech   ,5356  ,POL        ,M
ruda adam                       ,6838  ,POL        ,M
friedrich tomas                 ,5906  ,CZE        ,M
stauder christoph               ,5439  ,AUT        ,M
podzorski lukasz                ,6157  ,POL        ,M
kantyka przemyslaw              ,6530  ,POL        ,M
klymchuk andrii                 ,5773  ,UKR        ,M
bogner tobias                   ,2136  ,GER        ,M
eggenhofer markus               ,5186  ,AUT        ,M
veredyuk volodymyr              ,5349  ,UKR        ,M
althaus daniel                  ,5503  ,GER        ,M
maksimochkin mikhail            ,6194  ,RUS        ,M
kapp andero                     ,8545  ,EST        ,M
palosaari vilho                 ,8615  ,FIN        ,M
tormanen kalle                  ,219607,FIN        ,M
tainio eemeli                   ,7212  ,FIN        ,M
kagu markus                     ,8354  ,EST        ,M
alatalkkari lauri-matias        ,7356  ,FIN        ,M
zhu honglin                     ,8505  ,CHN        ,M
meis tuomas                     ,219761,FIN        ,M
cui qihang                      ,8364  ,CHN        ,M
liu xin                         ,8519  ,CHN        ,M
huang xuyu                      ,219775,CHN        ,M
rammo karel                     ,7637  ,EST        ,M
romppainen paavo                ,7375  ,FIN        ,M
kinnunen tuomas                 ,8098  ,FIN        ,M
alter markkus                   ,7202  ,EST        ,M
kavilo henri                    ,6911  ,FIN        ,M
obersteiner louis               ,8282  ,AUT        ,M
valto kasperi                   ,7873  ,FIN        ,M
fussenegger andre               ,7632  ,AUT        ,M
smid julijan                    ,7868  ,AUT        ,M
habdas jan                      ,7600  ,POL        ,M
hoffmann felix                  ,6552  ,GER        ,M
reisenauer janni                ,6715  ,AUT        ,M
moerth francisco                ,7715  ,AUT        ,M
birchler tobias                 ,6535  ,SUI        ,M
pungertar matjaz                ,5284  ,SLO        ,M
altenburger florian             ,5515  ,AUT        ,M
vancura tomas                   ,6883  ,CZE        ,M
ito kenshiro                    ,4963  ,JPN        ,M
dezman nejc                     ,5676  ,SLO        ,M
lamy chappuis ronan             ,5723  ,FRA        ,M
harada yumu                     ,5237  ,JPN        ,M
sjoeen phillip                  ,6312  ,NOR        ,M
zhaparov marat                  ,4599  ,KAZ        ,M
siegel david                    ,6553  ,GER        ,M
wank andreas                    ,4226  ,GER        ,M
schuler andreas                 ,6009  ,SUI        ,M
wienerroither julian            ,7178  ,AUT        ,M
hazetdinov ilmir                ,5466  ,RUS        ,M
tkachenko sergey                ,7343  ,KAZ        ,M
schwann mika                    ,6710  ,AUT        ,M
iwasa yuken                     ,6997  ,JPN        ,M
sato yukiya                     ,6151  ,JPN        ,M
diess martin                    ,6244  ,AUT        ,M
greiderer simon                 ,6086  ,AUT        ,M
haagen david                    ,7179  ,AUT        ,M
haagen philipp                  ,7177  ,AUT        ,M
hofer thomas                    ,6085  ,AUT        ,M
mitrofan nicolae sorin          ,6630  ,ROU        ,M
tarman rok                      ,6894  ,SLO        ,M
marusiak yevhen                 ,7230  ,UKR        ,M
skupien damian                  ,7241  ,POL        ,M
maylaender dominik              ,6127  ,GER        ,M
maylaender axel                 ,6927  ,GER        ,M
oestvold benjamin               ,7871  ,NOR        ,M
kurita riki                     ,7556  ,JPN        ,M
nietzel justin                  ,6973  ,GER        ,M
batby alessandro                ,7666  ,FRA        ,M
fabijan nik                     ,6481  ,SLO        ,M
gasienica patrick               ,7711  ,USA        ,M
lasota damian                   ,6549  ,CZE        ,M
kastelik dominik                ,6991  ,POL        ,M
pasichnyk stepan                ,6914  ,UKR        ,M
pacurar radu mihai              ,7050  ,ROU        ,M
maurer joshua                   ,6305  ,CAN        ,M
lavtizar anze                   ,6289  ,SLO        ,M
cacina daniel andrei            ,7048  ,ROU        ,M
markeng simen aasen             ,8037  ,NOR        ,M
mattoon nicholas                ,6798  ,USA        ,M
rajda mateusz                   ,7839  ,POL        ,M
bukowski lukasz                 ,7242  ,POL        ,M
dellasega roberto               ,4720  ,ITA        ,M
seidl fabian                    ,7210  ,GER        ,M
niemczyk karol                  ,7337  ,POL        ,M
pitea sorin iulian              ,6560  ,ROU        ,M
farkas hunor                    ,7049  ,ROU        ,M
contamine mathis                ,6959  ,FRA        ,M
osterc aljaz                    ,7175  ,SLO        ,M
feldorean andrei                ,6805  ,ROU        ,M
spulber mihnea alexandru        ,6807  ,ROU        ,M
wallace brian                   ,6187  ,USA        ,M
lunardi michael                 ,5045  ,ITA        ,M
biela stanislaw                 ,5550  ,POL        ,M
takehana kenta                  ,6154  ,JPN        ,M
kalinichenko vitaliy            ,5664  ,UKR        ,M
dirnbauer josef                 ,7391  ,AUT        ,M
di lenardo zeno                 ,5933  ,ITA        ,M
markeng thomas aasen            ,7588  ,NOR        ,M
wasek pawel                     ,6987  ,POL        ,M
kogler patrick                  ,6527  ,AUT        ,M
weigel justin                   ,7022  ,GER        ,M
czyz bartosz                    ,6986  ,POL        ,M
pavlic blaz                     ,7502  ,SLO        ,M
wagner lukas                    ,6065  ,GER        ,M
valtiner noah                   ,7185  ,AUT        ,M
lienher maximilian              ,7289  ,AUT        ,M
modic andraz                    ,5841  ,SLO        ,M
bradatsch sebastian             ,6281  ,GER        ,M
pograjc andraz                  ,5109  ,SLO        ,M
cecon federico                  ,5778  ,ITA        ,M
lazzaroni david                 ,4041  ,FRA        ,M
zhaparov radik                  ,3787  ,KAZ        ,M
ulmer christian                 ,5404  ,GER        ,M
sklett vegard-haukoe            ,5904  ,NOR        ,M
vaculik ondrej                  ,4236  ,CZE        ,M
alexander nicholas              ,5219  ,USA        ,M
endo shuji                      ,4299  ,JPN        ,M
karaulov ivan                   ,4748  ,KAZ        ,M
karpenko nikolay                ,1906  ,KAZ        ,M
rosliakov ilja                  ,4664  ,RUS        ,M
mechler maximilian              ,2931  ,GER        ,M
ipatov dimitry                  ,4613  ,RUS        ,M
yoshioka kazuya                 ,2018  ,JPN        ,M
spaeth georg                    ,2009  ,GER        ,M
keituri kalle                   ,2970  ,FIN        ,M
kuettel andreas                 ,2062  ,SUI        ,M
zauner david                    ,6296  ,AUT        ,M
hajek antonin                   ,4593  ,CZE        ,M
olli harri                      ,4580  ,FIN        ,M
pylypchuk tetyana               ,7598  ,UKR        ,F
pawlikowska roza                ,7359  ,POL        ,F
herasymiuk vitalina             ,7832  ,UKR        ,F
konderla nicole                 ,8148  ,POL        ,F
hausenberg triinu               ,7688  ,EST        ,F
droniak khrystyna               ,7448  ,UKR        ,F
rajnochova michaela             ,6567  ,CZE        ,F
cieslar paulina                 ,7412  ,POL        ,F
prokopieva kristina             ,7917  ,RUS        ,F
ulrichova klara                 ,7823  ,CZE        ,F
bendi annemarii                 ,6944  ,EST        ,F
shpyneva anna                   ,7726  ,RUS        ,F
volavsek ema                    ,7929  ,SLO        ,F
mazi pia                        ,7368  ,SLO        ,F
ptackova stepanka               ,7321  ,CZE        ,F
palasz magdalena                ,6751  ,POL        ,F
szwab joanna                    ,6314  ,POL        ,F
kil joanna                      ,7234  ,POL        ,F
trambitas andreea diana         ,7239  ,ROU        ,F
twardosz anna                   ,7237  ,POL        ,F
bodnarchuk natasha              ,7574  ,CAN        ,F
borodina alina                  ,8199  ,RUS        ,F
blazkova barbora                ,6649  ,CZE        ,F
huber julia                     ,6631  ,AUT        ,F
militaru carina alexandra       ,7238  ,ROU        ,F
iakovleva mariia                ,7272  ,RUS        ,F
strate abigail                  ,7571  ,CAN        ,F
iakovleva lidiia                ,7271  ,RUS        ,F
kramer marita                   ,7669  ,AUT        ,F
rajda kinga                     ,7378  ,POL        ,F
raudaschl elisabeth             ,6555  ,AUT        ,F
seto yuka                       ,6388  ,JPN        ,F
haralambie daniela              ,6563  ,ROU        ,F
kang chil-ku                    ,3006  ,KOR        ,M
asikainen lauri                 ,5757  ,FIN        ,M
kaelin pascal                   ,6008  ,SUI        ,M
ingvaldsen ole marius           ,5193  ,NOR        ,M
choi seou                       ,2026  ,KOR        ,M
viry david                      ,5737  ,FRA        ,M
happonen janne                  ,3012  ,FIN        ,M
morassi andrea                  ,4724  ,ITA        ,M
shimizu reruhi                  ,5963  ,JPN        ,M
biegun krzysztof                ,5939  ,POL        ,M
mabboux alexandre               ,5320  ,FRA        ,M
pchelintsev alexey              ,5114  ,KAZ        ,M
bresadola davide                ,2708  ,ITA        ,M
nordin carl                     ,5115  ,SWE        ,M
antonissen lars                 ,6005  ,NED        ,M
inngjerdingen christian         ,7317  ,SWE        ,M
rowley matthew                  ,1931  ,CAN        ,M
ziobro jan                      ,5429  ,POL        ,M
gangnes kenneth                 ,5181  ,NOR        ,M
kraus marinus                   ,6342  ,GER        ,M
devyatkin nikita                ,6941  ,KAZ        ,M
kravtsov sergey                 ,8068  ,KAZ        ,M
kindlimann lars                 ,7173  ,SUI        ,M
galiani mattia                  ,7521  ,ITA        ,M
gungen muhammed munir           ,6515  ,TUR        ,M
alamommo andreas                ,6910  ,FIN        ,M
pohjola arttu                   ,8004  ,FIN        ,M
sell adrian                     ,6928  ,GER        ,M
masle rok                       ,7620  ,SLO        ,M
braathen matias                 ,7680  ,NOR        ,M
resinger peter                  ,7463  ,AUT        ,M
pedersen robin                  ,7067  ,NOR        ,M
kulmala mika                    ,5361  ,FIN        ,M
mietus krzysztof                ,5302  ,POL        ,M
musiol julian                   ,4215  ,GER        ,M
villumstad fredrik              ,6982  ,NOR        ,M
peter dominik                   ,7285  ,SUI        ,M
tschofenig daniel               ,7395  ,AUT        ,M
sadreev danil                   ,8076  ,RUS        ,M
nakamura naoki                  ,6392  ,JPN        ,M
lindvik marius                  ,6734  ,NOR        ,M
pesatova zdenka                 ,7070  ,CZE        ,F
park guylim                     ,7168  ,KOR        ,F
geraghty-moats tara             ,5331  ,USA        ,F
voros virag                     ,7281  ,HUN        ,F
roestad karoline                ,6795  ,NOR        ,F
forsstroem susanna              ,7078  ,FIN        ,F
krepelkova marta                ,7597  ,CZE        ,F
indrackova karolina             ,6875  ,CZE        ,F
sankey logan                    ,7494  ,USA        ,F
gianmoena veronica              ,6310  ,ITA        ,F
moberg astrid                   ,7507  ,SWE        ,F
karpiel kamila                  ,7233  ,POL        ,F
lussi nina                      ,5332  ,USA        ,F
barantceva aleksandra           ,7629  ,RUS        ,F
eilers natalie                  ,7575  ,CAN        ,F
komar katra                     ,7437  ,SLO        ,F
eder lisa                       ,7183  ,AUT        ,F
kablukova ksenia                ,7476  ,RUS        ,F
pagnier josephine               ,7154  ,FRA        ,F
braaten ingebjoerg saglien      ,7789  ,NOR        ,F
avocat gros oceane              ,6791  ,FRA        ,F
englund nita                    ,6089  ,USA        ,F
wuerth svenja                   ,5251  ,GER        ,F
hessler pauline                 ,6548  ,GER        ,F
kykkaenen julia                 ,5793  ,FIN        ,F
vtic maja                       ,4929  ,SLO        ,F
brecl jerneja                   ,7439  ,SLO        ,F
morat lucile                    ,7153  ,FRA        ,F
lemare lea                      ,6013  ,FRA        ,F
iwabuchi kaori                  ,6210  ,JPN        ,F
runggaldier elena               ,1921  ,ITA        ,F
rogelj spela                    ,5855  ,SLO        ,F
maruyama nozomi                 ,6681  ,JPN        ,F
opseth silje                    ,7477  ,NOR        ,F
malsiner lara                   ,6898  ,ITA        ,F
seifriedsberger jacqueline      ,1909  ,AUT        ,F
rupprecht anna                  ,5883  ,GER        ,F
kustova alexandra               ,6596  ,RUS        ,F
tikhonova sofia                 ,6595  ,RUS        ,F
ito yuki                        ,5754  ,JPN        ,F
hoelzl chiara                   ,6570  ,AUT        ,F
bogataj ursa                    ,6197  ,SLO        ,F
stroem anna odine               ,6867  ,NOR        ,F
kriznar nika                    ,7072  ,SLO        ,F
pinkelnig eva                   ,7267  ,AUT        ,F
vogt carina                     ,5010  ,GER        ,F
seyfarth juliane                ,1952  ,GER        ,F
takanashi sara                  ,6198  ,JPN        ,F
althaus katharina               ,6113  ,GER        ,F
lundby maren                    ,5930  ,NOR        ,F
ekart taj                       ,7833  ,SLO        ,M
krenek filip                    ,8048  ,CZE        ,M
zupan ozbe                      ,8212  ,SLO        ,M
ciszek stanislaw                ,8290  ,POL        ,M
campregher andrea               ,7935  ,ITA        ,M
krzak jaroslaw                  ,7654  ,POL        ,M
toporis nejc                    ,7540  ,SLO        ,M
ardelean radu matei             ,7640  ,ROU        ,M
vidic matija                    ,7535  ,SLO        ,M
lejsek frantisek                ,7796  ,CZE        ,M
rydl radek                      ,7652  ,CZE        ,M
tsvietkov denys                 ,8611  ,UKR        ,M
lisso justin                    ,7143  ,GER        ,M
zapotoczny szymon               ,8405  ,POL        ,M
fuchs tim                       ,6558  ,GER        ,M
kieta krzysztof                 ,8078  ,POL        ,M
samec matevz                    ,6525  ,SLO        ,M
jojko arkadiusz                 ,8138  ,POL        ,M
kapias erik                     ,8156  ,SVK        ,M
gruszka mateusz                 ,7589  ,POL        ,M
folea moise alexandru           ,8110  ,ROU        ,M
yaniuk yurii                    ,8548  ,UKR        ,M
jipescu mircea stefan           ,8108  ,ROU        ,M
szabo csaba                     ,8632  ,ROU        ,M
korchuk anton                   ,8538  ,UKR        ,M
feroiu florin                   ,7642  ,ROU        ,M
sandulescu robert stefan        ,7549  ,ROU        ,M
vaverka petr                    ,7410  ,CZE        ,M
vaskul andrii                   ,7229  ,UKR        ,M
selcer radek                    ,7318  ,CZE        ,M
hauser krystof                  ,8270  ,CZE        ,M
sikola jakub                    ,7651  ,CZE        ,M
holub benedikt                  ,7795  ,CZE        ,M
huber stefan                    ,6093  ,AUT        ,M
pavlovcic bor                   ,6845  ,SLO        ,M
nomme martti                    ,6258  ,EST        ,M
sergeev maksim                  ,7464  ,RUS        ,M
learoyd jonathan                ,6956  ,FRA        ,M
loginov aleksandr               ,7911  ,RUS        ,M
shishkin vadim                  ,7132  ,RUS        ,M
simitchiyski krasimir           ,7017  ,BUL        ,M
tahkavuori frans                ,6255  ,FIN        ,M
urlaub andrew                   ,7553  ,USA        ,M
bazhenov aleksandr              ,7252  ,RUS        ,M
westerheim oscar p              ,7259  ,NOR        ,M
aune joakim                     ,6588  ,NOR        ,M
schoft felix                    ,2178  ,GER        ,M
queck danny                     ,2177  ,GER        ,M
mayer nicolas                   ,5188  ,FRA        ,M
zima rok                        ,5443  ,SLO        ,M
mueller lukas                   ,5750  ,AUT        ,M
myhren mats bjerke              ,7433  ,NOR        ,M
larson casey                    ,6877  ,USA        ,M
egloff luca                     ,5924  ,SUI        ,M
soukup matthew                  ,6801  ,CAN        ,M
windmueller sabrina             ,5387  ,SUI        ,F
sepandj jasmine                 ,6308  ,CAN        ,F
liu qi                          ,6647  ,CHN        ,F
ma tong                         ,6599  ,CHN        ,F
maurer nicole                   ,7573  ,CAN        ,F
purker claudia                  ,7213  ,AUT        ,F
mrakotova jana                  ,7214  ,CZE        ,F
d agostina roberta              ,1917  ,ITA        ,F
henrich taylor                  ,6090  ,CAN        ,F
li xueyao                       ,6598  ,CHN        ,F
pozun katja                     ,5000  ,SLO        ,F
chang xinyue                    ,6600  ,CHN        ,F
mork anniken                    ,7224  ,NOR        ,F
barannikova anastasiya          ,6343  ,RUS        ,F
malsiner manuela                ,6503  ,ITA        ,F
insam evelyn                    ,5388  ,ITA        ,F
mattel coline                   ,5498  ,FRA        ,F
straub ramona                   ,5714  ,GER        ,F
hendrickson sarah               ,5999  ,USA        ,F
klinec ema                      ,6470  ,SLO        ,F
avvakumova irina                ,6043  ,RUS        ,F
iraschko-stolz daniela          ,4130  ,AUT        ,F
nester sophia                   ,7746  ,USA        ,F
shishkina veronika              ,7579  ,KAZ        ,F
berghmans sophie                ,8176  ,CAN        ,F
hoffmann anna                   ,7559  ,USA        ,F
macuga samantha                 ,7813  ,USA        ,F
belshaw annika                  ,7801  ,USA        ,F
larson cara                     ,7665  ,USA        ,F
sinkovec jure                   ,3104  ,SLO        ,M
roensen atle pedersen           ,5067  ,NOR        ,M
meznar mitja                    ,4939  ,SLO        ,M
zhou xiaoyang                   ,8510  ,CHN        ,M
sundal kristoffer eriksen       ,8021  ,NOR        ,M
belshaw erik                    ,8498  ,USA        ,M
nagamine hisaki                 ,8534  ,JPN        ,M
bjoertomt paal haakon           ,8445  ,NOR        ,M
zhen weijie                     ,8514  ,CHN        ,M
lyu yixin                       ,8512  ,CHN        ,M
song qiwu                       ,8520  ,CHN        ,M
geyer luca                      ,7388  ,GER        ,M
haas claudio                    ,7677  ,GER        ,M
joniak klemens                  ,8289  ,POL        ,M
strzinar marcel                 ,7877  ,SLO        ,M
strand soelve jokerud           ,8443  ,NOR        ,M
urbanc rok                      ,4333  ,SLO        ,M
johnson anders                  ,4626  ,USA        ,M
fairall nicholas                ,4764  ,USA        ,M
grimholm isak                   ,4176  ,SWE        ,M
hrgota robert                   ,5053  ,SLO        ,M
erikson johan                   ,4174  ,SWE        ,M
kiuru tami                      ,1996  ,FIN        ,M
pettersen sigurd                ,3071  ,NOR        ,M
ljoekelsoey roar                ,2033  ,NOR        ,M
naglic tomaz                    ,5026  ,SLO        ,M
mandl ziga                      ,5407  ,SLO        ,M
sardyko alexander               ,5764  ,RUS        ,M
frenette peter                  ,5336  ,USA        ,M
judez dejan                     ,5479  ,SLO        ,M
chaadaev petr                   ,6189  ,RUS        ,M
de crignis alessio              ,1950  ,ITA        ,M
nurmsalu kaarel                 ,6145  ,EST        ,M
lamb chris                      ,5019  ,USA        ,M
vetelainen jonne                ,7939  ,FIN        ,M
ojala juho                      ,6428  ,FIN        ,M
merilaeinen eetu                ,6907  ,FIN        ,M
heikkinen kalle                 ,7885  ,FIN        ,M
ahonen mico                     ,7171  ,FIN        ,M
karlen gabriel                  ,6119  ,SUI        ,M
haare anders                    ,7193  ,NOR        ,M
elverum sorsell kim rene        ,5068  ,NOR        ,M
balkaasen fredrik               ,5123  ,SWE        ,M
sokolenko konstantin            ,6492  ,KAZ        ,M
chervyakov georgiy              ,6033  ,RUS        ,M
yumoto fumihisa                 ,4379  ,JPN        ,M
kobayashi yuka                  ,5954  ,JPN        ,F
ringquist abby                  ,2682  ,USA        ,F
iwasa haruka                    ,6395  ,JPN        ,F
goerlich luisa                  ,6664  ,GER        ,F
clair julia                     ,5917  ,FRA        ,F
ernst gianina                   ,7116  ,GER        ,F
roee espen                      ,6584  ,NOR        ,M
bjerkeengen fredrik             ,5293  ,NOR        ,M
hauer joachim                   ,5974  ,NOR        ,M
kalinitschenko anton            ,2874  ,RUS        ,M
niemi sami                      ,5360  ,FIN        ,M
wiget samuel                    ,6010  ,SUI        ,M
sommer pascal                   ,5741  ,SUI        ,M
wit de ruben                    ,6004  ,NED        ,M
tudor remus                     ,5671  ,ROU        ,M
taehkaevuori riku               ,6224  ,FIN        ,M
polychronidis nico              ,7035  ,GRE        ,M
grimholm jakob                  ,4177  ,SWE        ,M
heim christian                  ,5929  ,GER        ,M
mitchell eric                   ,5805  ,CAN        ,M
mitz alexander                  ,5124  ,SWE        ,M
zupancic miran                  ,4972  ,SLO        ,M
aalst van der oldrik            ,5476  ,NED        ,M
egloff pascal                   ,5590  ,SUI        ,M
benedik matic                   ,5894  ,SLO        ,M
hayboeck stefan                 ,5037  ,AUT        ,M
grimsrud simen key              ,5416  ,NOR        ,M
berggaard mats soehagen         ,6097  ,NOR        ,M
halvorsen espen enger           ,5385  ,NOR        ,M
wenig daniel                    ,5273  ,GER        ,M
kramarsic matic                 ,2186  ,SLO        ,M
enger gyda                      ,5428  ,NOR        ,F
schoitsch sonja                 ,6569  ,AUT        ,F
ji cheng                        ,6602  ,CHN        ,F
espiau caroline                 ,5649  ,FRA        ,F
veshchikova anastasia           ,6265  ,RUS        ,F
dolezelova michaela             ,5483  ,CZE        ,F
roider cornelia                 ,5716  ,AUT        ,F
yamada yurina                   ,6196  ,JPN        ,F
hagemoen jenny synnove          ,6352  ,NOR        ,F
rautionaho jenny                ,6397  ,FIN        ,F
dejmkova natalie                ,6054  ,CZE        ,F
keil katharina                  ,6186  ,AUT        ,F
steen hansen synne              ,5742  ,NOR        ,F
mikova lucie                    ,5707  ,CZE        ,F
bayer ben                       ,8123  ,GER        ,M
mellingsaeter jo roemme         ,8196  ,NOR        ,M
mueller markus                  ,8210  ,AUT        ,M
paern illimar                   ,1951  ,EST        ,M
sammelselg siim-tanel           ,5235  ,EST        ,M
francais remi                   ,4692  ,SUI        ,M
shumbarets vitaliy              ,4922  ,UKR        ,M
klimowski bartlomiej            ,7332  ,POL        ,M
zygmuntowicz krystian           ,8286  ,POL        ,M
pekala wiktor                   ,8095  ,POL        ,M
pawlowski szymon                ,8103  ,POL        ,M
dobre bernard                   ,7758  ,SLO        ,M
srsen gasper                    ,8410  ,SLO        ,M
presterl domen                  ,8349  ,SLO        ,M
podobnik benjamin               ,7329  ,SLO        ,M
zelenchuk ivan                  ,7451  ,UKR        ,M
safonov gleb                    ,7126  ,KAZ        ,M
kellermann sebestian            ,7320  ,CZE        ,M
prislic ernest                  ,5829  ,SLO        ,M
jojko szymon                    ,7836  ,POL        ,M
rombach sebastian               ,6341  ,GER        ,M
schluetter anton                ,8413  ,GER        ,M
stosel kacper                   ,7590  ,POL        ,M
weigel cedrik                   ,6889  ,GER        ,M
dolezel dusan                   ,7172  ,CZE        ,M
winter paul                     ,6753  ,GER        ,M
moerth claudio                  ,7908  ,AUT        ,M
schubert johannes               ,6652  ,GER        ,M
shuvalov alexander              ,6510  ,RUS        ,M
klusek bartlomiej               ,5547  ,POL        ,M
justin rok                      ,5695  ,SLO        ,M
cikl martin                     ,4643  ,CZE        ,M
boyarintsev vladislav           ,6679  ,RUS        ,M
loutitt alexandria              ,9345  ,CAN        ,F
kvandal eirin maria             ,8197  ,NOR        ,F
mitu-cosca alessia              ,8624  ,ROU        ,F
makhinia irma                   ,7608  ,RUS        ,F
bjoerseth thea minyan           ,8446  ,NOR        ,F
folea delia anamaria            ,8141  ,ROU        ,F
tervahartiala julia             ,7858  ,FIN        ,F
jones paige                     ,7735  ,USA        ,F
yamada hiroki                   ,2919  ,JPN        ,M
takayanagi taro                 ,3037  ,JPN        ,M
funaki kazuyoshi                ,2021  ,JPN        ,M
de leeuw yukon                  ,5803  ,CAN        ,M
brown a j                       ,6728  ,USA        ,M
reid rogan                      ,6800  ,CAN        ,M
karta samet                     ,6175  ,TUR        ,M
hahn julian                     ,6651  ,GER        ,M
friberg christian               ,6616  ,USA        ,M
kus jan                         ,6954  ,SLO        ,M
maruyama jun                    ,6211  ,JPN        ,F
oi shihori                      ,6998  ,JPN        ,F
shigeno misaki                  ,4798  ,JPN        ,F
watanabe minami                 ,6637  ,JPN        ,F
watase ayumi                    ,4538  ,JPN        ,F
matsuhashi aki                  ,6024  ,JPN        ,F
takeda ayuka                    ,5236  ,JPN        ,F
unterberger david               ,1945  ,AUT        ,M
sidlova viktoria                ,7825  ,SVK        ,F
markuta katja                   ,7543  ,SLO        ,F
pekha dayana                    ,7578  ,KAZ        ,F
bressand marine                 ,7293  ,FRA        ,F
kraus henriette                 ,6794  ,GER        ,F
laue josephin                   ,7673  ,GER        ,F
seifert alexandra               ,7596  ,GER        ,F
lancho arantxa                  ,7219  ,GER        ,F
freitag selina                  ,7372  ,GER        ,F
urbanija coz kaja               ,7534  ,SLO        ,F
paillard oceane                 ,7292  ,FRA        ,F
reisch agnes                    ,7027  ,GER        ,F
sderzhikova valentina           ,7128  ,KAZ        ,F
utev artem                      ,6687  ,RUS        ,M
sykchin nikita                  ,7907  ,RUS        ,M
usachev egor                    ,6031  ,RUS        ,M
roch dupland thomas             ,6639  ,FRA        ,M
korhonen janne                  ,7095  ,FIN        ,M
dong bing                       ,6646  ,CHN        ,F
peng qingyue                    ,8524  ,CHN        ,F
wang liangyao                   ,8515  ,CHN        ,F
prevc nika                      ,8132  ,SLO        ,F
westman frida                   ,7505  ,SWE        ,F
shao birun                      ,8509  ,CHN        ,F
malsiner jessica                ,7523  ,ITA        ,F
kindlimann rea                  ,7751  ,SUI        ,F
ambrosi martina                 ,7745  ,ITA        ,F
zyryanov sergey                 ,7121  ,KAZ        ,M
kotik kiril                     ,7420  ,RUS        ,M
dieu romane                     ,7530  ,FRA        ,F
czekala alena                   ,8178  ,SUI        ,F
mair sophie                     ,6708  ,AUT        ,F
zambelli gabriele               ,6760  ,ITA        ,M
zhukova anna                    ,7469  ,RUS        ,F
nadymova stefaniya              ,7016  ,RUS        ,F
jahr line                       ,4893  ,NOR        ,F
loeytaeinen niko                ,7275  ,FIN        ,M
vaenskae elias                  ,6995  ,FIN        ,M
pappel taavi                    ,6920  ,EST        ,M
torok eduard                    ,6559  ,HUN        ,M
lanin ivan                      ,6856  ,RUS        ,M
sandell jonas-sloth             ,7722  ,NOR        ,M
tepes anja                      ,1916  ,SLO        ,F
thomae lara                     ,5473  ,NED        ,F
pograjc manja                   ,5005  ,SLO        ,F
kasai yoshiko                   ,4537  ,JPN        ,F
pustkova vladena                ,1914  ,CZE        ,F
vuik wendy                      ,5015  ,NED        ,F
johnson alissa                  ,4883  ,USA        ,F
demetz lisa                     ,1912  ,ITA        ,F
haefele anna                    ,1911  ,GER        ,F
jerome jessica                  ,4632  ,USA        ,F
graessler ulrike                ,4767  ,GER        ,F
faisst melanie                  ,1953  ,GER        ,F
sagen anette                    ,4890  ,NOR        ,F
van lindsey                     ,4637  ,USA        ,F
logar eva                       ,1913  ,SLO        ,F
korek dusty                     ,6307  ,CAN        ,M
read stefan                     ,4561  ,CAN        ,M
aren andreas                    ,4173  ,SWE        ,M
okabe takanobu                  ,2016  ,JPN        ,M
peterka primoz                  ,2045  ,SLO        ,M
gryczuk krystian                ,7015  ,POL        ,M
dunajski patryk                 ,5936  ,POL        ,M
swierczek piotr                 ,6736  ,POL        ,M
mojzesz piotr                   ,6529  ,POL        ,M
faferko wojciech                ,6735  ,POL        ,M
setnikar rok                    ,6507  ,SLO        ,M
roeder franz                    ,5869  ,GER        ,M
yakibyuk igor                   ,6719  ,UKR        ,M
weiss franz                     ,5876  ,GER        ,M
rogelj matic                    ,6739  ,SLO        ,M
herrmann michael                ,5901  ,GER        ,M
zieba jan                       ,5486  ,POL        ,M
babnik tim                      ,5278  ,SLO        ,M
seretinek nejc                  ,6436  ,SLO        ,M
fudel daniel                    ,5565  ,GER        ,M
haupt alexander                 ,6325  ,USA        ,M
lichy patrik                    ,5672  ,SVK        ,M
kukula artur                    ,5548  ,POL        ,M
dobovsek matej                  ,5046  ,SLO        ,M
brodauf felix                   ,3652  ,GER        ,M
pietraszko nikola               ,8279  ,POL        ,F
paeaekkoenen teemu              ,2936  ,FIN        ,M
korhonen ville                  ,7209  ,FIN        ,M
loukasmaeki wili                ,6906  ,FIN        ,M
heikkinen juuso                 ,6016  ,FIN        ,M
virrantalo juho                 ,7355  ,FIN        ,M
buzescu purice constantin robert,7034  ,ROU        ,M
tiirmaa karl-august             ,5648  ,EST        ,M
ilves kristjan                  ,6408  ,EST        ,M
persiyancev vladislav           ,6193  ,RUS        ,M
veselov denis                   ,6511  ,RUS        ,M
pyzhov sergey                   ,6812  ,RUS        ,M
moilanen lasse                  ,6015  ,FIN        ,M
lehtinen aapo                   ,6431  ,FIN        ,M
goebel michelle                 ,7852  ,GER        ,F
marcato asia                    ,219645,ITA        ,F
boehme lia                      ,8325  ,GER        ,F
kuebler pia lilian              ,7381  ,GER        ,F
zanitzer martina                ,8082  ,ITA        ,F
hassrick estella                ,219676,USA        ,F
olden macey                     ,8489  ,USA        ,F
haerter rachael                 ,8488  ,USA        ,F
johnson josie                   ,219758,USA        ,F
torazza emely                   ,8419  ,SUI        ,F
arnet sina                      ,8202  ,SUI        ,F
vuerich noelia                  ,8453  ,ITA        ,F
li qiurong                      ,8531  ,CHN        ,F
comazzi camilla henni           ,8331  ,ITA        ,F
zeng ping                       ,8526  ,CHN        ,F
muehlbacher julia               ,7860  ,AUT        ,F
varesco daniele                 ,5782  ,ITA        ,M
pavlov bogomil                  ,5661  ,BUL        ,M
mocanita alexandru              ,6806  ,ROU        ,M
baila ovidiu                    ,6171  ,ROU        ,M
feroiu alexandru                ,7201  ,ROU        ,M
medvedev alexandr               ,7120  ,KAZ        ,M
khamitov kanat                  ,6663  ,KAZ        ,M
nogin roman                     ,7124  ,KAZ        ,M
karatsupa stanislav             ,6942  ,KAZ        ,M
krassnegger jan - oswald        ,7222  ,AUT        ,M
kalykov shyngys                 ,5791  ,KAZ        ,M
kratov ilya                     ,7122  ,KAZ        ,M
reymeyer tamas                  ,6985  ,HUN        ,M
kelemen peter                   ,6983  ,HUN        ,M
kolmakov pavel                  ,6772  ,KAZ        ,M
mitev evelin                    ,7018  ,BUL        ,M
sultangulov artur               ,6960  ,RUS        ,M
blega stefan valentin           ,6562  ,ROU        ,M
schmid martin                   ,6528  ,AUT        ,M
tatu robert valentin            ,6561  ,ROU        ,M
siegel jonathan                 ,6752  ,GER        ,M
valta ossi-pekka                ,6000  ,FIN        ,M
kamienski oliver                ,6133  ,GER        ,M
maier dominik                   ,5573  ,GER        ,M
dufter thomas                   ,6636  ,GER        ,M
scherrer marvin                 ,6246  ,SUI        ,M
rueegg manuel                   ,6590  ,SUI        ,M
rus jaka                        ,2699  ,SLO        ,M
plestenjak luka                 ,5282  ,SLO        ,M
ylitapio santeri                ,7079  ,FIN        ,M
heinrich tim                    ,6062  ,GER        ,M
rokita roland                   ,6578  ,AUT        ,M
edlund trevor                   ,6731  ,USA        ,M
raffort benjamin                ,5500  ,FRA        ,M
wert trevor                     ,5020  ,USA        ,M
gardet sacha                    ,6445  ,FRA        ,M
obermayr johannes               ,5532  ,AUT        ,M
swensen vegard                  ,4957  ,NOR        ,M
smith hunter                    ,7713  ,USA        ,M
dowling benjamin                ,7786  ,USA        ,M
tschida luke                    ,7769  ,USA        ,M
stensgard kristian              ,6534  ,NOR        ,M
markkanen joni                  ,7277  ,FIN        ,M
ruikka pyry                     ,7276  ,FIN        ,M
mattoon nathan                  ,7552  ,USA        ,M
zagar rozle                     ,5132  ,SLO        ,M
andrews grant                   ,7750  ,USA        ,M
schrock somer                   ,6727  ,USA        ,M
lock robert                     ,7458  ,GBR        ,M
lock jake                       ,7457  ,GBR        ,M
strand knut jokerud             ,6899  ,NOR        ,M
logar lara                      ,7878  ,SLO        ,F
repinc zupancic jerneja         ,7740  ,SLO        ,F
przybyla wiktoria               ,8619  ,POL        ,F
vetrih nika                     ,8357  ,SLO        ,F
schuller sahra                  ,8204  ,AUT        ,F
beltowska marcelina             ,8277  ,POL        ,F
slowik natalia                  ,219753,POL        ,F
jencova veronika                ,7861  ,CZE        ,F
ellmauer katharina              ,6709  ,AUT        ,F
tukhtaeva alina                 ,7577  ,KAZ        ,F
mikase ren                      ,7567  ,JPN        ,F
kamoda ayuka                    ,7500  ,JPN        ,F
igarashi ayaka                  ,7309  ,JPN        ,F
lechner sepp                    ,6364  ,GER        ,M
schultheiss richard             ,6737  ,GER        ,M
kaiser maximilian               ,5895  ,GER        ,M
devall sebastian                ,7140  ,SWE        ,M
flemstroem marcus               ,7139  ,SWE        ,M
kytoesaho eetu                  ,7322  ,FIN        ,M
lesnik kristjan                 ,7174  ,SLO        ,M
ortner thomas                   ,6123  ,AUT        ,M
troy matthias                   ,6433  ,AUT        ,M
adilov akram                    ,6939  ,KAZ        ,M
ketis andrej                    ,7352  ,SLO        ,M
mendel mario                    ,6640  ,AUT        ,M
koch bjoern                     ,6167  ,AUT        ,M
gut pawel                       ,6993  ,POL        ,M
hammann petrick                 ,7085  ,GER        ,M
greber felix                    ,7261  ,AUT        ,M
maylaender jan                  ,5263  ,GER        ,M
hebel sebastian                 ,6746  ,POL        ,M
jarzabek dawid                  ,6491  ,POL        ,M
ito masamitsu                   ,6781  ,JPN        ,M
oedegaard jesper                ,6732  ,NOR        ,M
lacroix olan                    ,7107  ,SUI        ,M
yamakawa taro                   ,7304  ,JPN        ,M
marchukov aleksandr             ,7693  ,RUS        ,M
shulaev sergey                  ,6494  ,RUS        ,M
berger lars brodshaug           ,7255  ,NOR        ,M
siven onni kasperi              ,8144  ,FIN        ,M
lee juchan                      ,7166  ,KOR        ,M
boiko mikhail                   ,7584  ,KAZ        ,M
lundgren olof                   ,6804  ,SWE        ,M
cho sungwoo                     ,7167  ,KOR        ,M
yim soohyeon                    ,7206  ,KOR        ,M
allamuratov erkin               ,7273  ,RUS        ,M
hwang seokjae                   ,7723  ,KOR        ,M
forsstroem petteri              ,7920  ,FIN        ,M
si jeongheon                    ,6729  ,KOR        ,M
ingebrigtsen christian          ,7886  ,NOR        ,M
madsen joergen                  ,6609  ,NOR        ,M
nedrejord ole mathis            ,7253  ,NOR        ,M
breivik andreas varsi           ,7922  ,NOR        ,M
jacobsen espen                  ,7486  ,NOR        ,M
lippestad carl henning          ,6981  ,NOR        ,M
hafslund oscar alexander        ,7254  ,NOR        ,M
mietus grzegorz                 ,5301  ,POL        ,M
krupa dawid                     ,7445  ,POL        ,M
urbas tymoteusz                 ,6990  ,POL        ,M
dodyuk vitalii                  ,5768  ,UKR        ,M
tadic saso                      ,5311  ,SLO        ,M
capuder martin                  ,6953  ,SLO        ,M
balanda ruslan                  ,6060  ,UKR        ,M
horst florian                   ,3989  ,GER        ,M
pasichnyk viktor                ,5774  ,UKR        ,M
kushnirchuk mykola              ,7228  ,UKR        ,M
tesovnik jaka                   ,5630  ,SLO        ,M
gasienica andrzej               ,5541  ,POL        ,M
michalek jan                    ,7075  ,CZE        ,M
wang rui                        ,8511  ,CHN        ,M
ortner maximilian               ,7763  ,AUT        ,M
grabner linda                   ,7392  ,AUT        ,F
seretinek anita                 ,6793  ,SLO        ,F
hamming eleora                  ,7572  ,CAN        ,F
javorsek anja                   ,5828  ,SLO        ,F
stefanuta bianca elena          ,7240  ,ROU        ,F
moser timna                     ,7216  ,AUT        ,F
goerlich sophia                 ,6665  ,GER        ,F
narita kaede                    ,6780  ,JPN        ,F
marcocig giacomo                ,5781  ,ITA        ,M
funtarov deyan                  ,6139  ,BUL        ,M
susnik urban                    ,5629  ,SLO        ,M
migachev maksim                 ,6743  ,RUS        ,M
hutchins tyler                  ,6802  ,USA        ,M
buyvolov alexey                 ,2565  ,RUS        ,M
martincic gasper                ,6425  ,SLO        ,M
bailey hyrum                    ,6670  ,USA        ,M
kosec jaka                      ,5892  ,SLO        ,M
leontyev grigoriy               ,6041  ,RUS        ,M
sporynin dmitry                 ,5420  ,RUS        ,M
gugg florian                    ,6125  ,AUT        ,M
kozma szilveszter               ,5670  ,ROU        ,M
vodan gasper                    ,5682  ,SLO        ,M
blaha hubert                    ,5713  ,CZE        ,M
hollaus francesco               ,6347  ,AUT        ,M
anken olivier                   ,5921  ,SUI        ,M
yuksel faik                     ,6114  ,TUR        ,M
loehmann johannes               ,6277  ,GER        ,M
bartol gasper                   ,5612  ,SLO        ,M
aberger marco                   ,5943  ,AUT        ,M
hacek vit                       ,5210  ,CZE        ,M
tanner robin                    ,5859  ,GER        ,M
waldis fabian                   ,6091  ,SUI        ,M
schuler adrian                  ,5234  ,SUI        ,M
pfannenstill elias              ,5448  ,AUT        ,M
kokkonen akseli                 ,6311  ,NOR        ,M
srsen julija                    ,6298  ,SLO        ,F
segawa fumika                   ,7308  ,JPN        ,F
kranzl michaela                 ,6556  ,AUT        ,F
wiegele lisa                    ,6317  ,AUT        ,F
skele sarlote                   ,7217  ,LAT        ,F
grushina daria                  ,6862  ,RUS        ,F
palasz katarzyna                ,7442  ,POL        ,F
yamaguchi mizuki                ,5756  ,JPN        ,F
anderson emilee                 ,6814  ,USA        ,F
sorschag sophie                 ,7739  ,AUT        ,F
armstrong gabriella             ,7747  ,USA        ,F
revilliod blanchard noelig      ,6543  ,FRA        ,M
senoner joy                     ,6759  ,ITA        ,M
heiskanen sami                  ,5397  ,FIN        ,M
nezhborts kristaps              ,6925  ,LAT        ,M
mankov ilya                     ,8495  ,RUS        ,M
ritzer josef                    ,7532  ,AUT        ,M
wackernell julian               ,6702  ,AUT        ,M
stanfel naim                    ,7288  ,AUT        ,M
mittendorfer florian            ,7497  ,AUT        ,M
jovan tomi                      ,7937  ,SLO        ,M
baarset ole kristian            ,8024  ,NOR        ,M
haave henrik                    ,8246  ,NOR        ,M
robnik luka                     ,7681  ,SLO        ,M
brezovnik medard                ,7759  ,SLO        ,M
rep marcel                      ,7875  ,SLO        ,M
vodusek lovro                   ,7904  ,SLO        ,M
haukedal richard                ,6625  ,NOR        ,M
faller jonas                    ,5884  ,GER        ,M
suzuki sho                      ,5522  ,JPN        ,M
brandt johan martin             ,5988  ,NOR        ,M
mokhova elizaveta               ,8371  ,RUS        ,F
lamy chappuis jason             ,2778  ,FRA        ,M
morel yoann                     ,4596  ,FRA        ,M
simon erik                      ,4782  ,GER        ,M
mabuchi minato                  ,6273  ,JPN        ,M
nagai takehiro                  ,6368  ,JPN        ,M
yamada yuya                     ,5524  ,JPN        ,M
sumstad are                     ,7118  ,NOR        ,M
windmueller bigna               ,5386  ,SUI        ,F
koasa seiko                     ,4539  ,JPN        ,F
watanabe hiroaki                ,5523  ,JPN        ,M
naito tomofumi                  ,5242  ,JPN        ,M
loeken josefine                 ,219950,NOR        ,F
liane marie                     ,219843,NOR        ,F
kleven ingrid hordvik           ,8386  ,NOR        ,F
tajner sara                     ,8328  ,POL        ,F
midtsundstad nora               ,8441  ,NOR        ,F
beltowska pola                  ,8278  ,POL        ,F
subbotina anastasiia            ,219600,RUS        ,F
traaserud heidi dyhre           ,8153  ,NOR        ,F
mattila sofia                   ,219796,FIN        ,F
moharitsch vanessa              ,7748  ,AUT        ,F
skatvedt karoline               ,7511  ,NOR        ,F
berger frida                    ,8154  ,NOR        ,F
kothbauer sophie                ,7635  ,AUT        ,F
wiegele hannah                  ,8185  ,AUT        ,F
ihle alina                      ,7383  ,GER        ,F
thannheimer amelie              ,7668  ,GER        ,F
amble eva elise johansen        ,7889  ,NOR        ,F
highfill jillian                ,8150  ,USA        ,F
bakke tonje                     ,7089  ,NOR        ,F
mitchell charlotte              ,5801  ,CAN        ,F
senoner simona                  ,5389  ,ITA        ,F
stuffer barbara                 ,1919  ,ITA        ,F
zotova maria                    ,5763  ,RUS        ,F
sprakehaug silje                ,5401  ,NOR        ,F
mohr jenna                      ,1908  ,GER        ,F
kveder miha                     ,6292  ,SLO        ,M
skinnes marte pauline           ,6842  ,NOR        ,F
tuomisto sanni                  ,6604  ,FIN        ,F
ilola anselmi                   ,6014  ,FIN        ,M
ipunen marko                    ,7069  ,FIN        ,M
loit rauno                      ,6426  ,EST        ,M
migachev maxim                  ,6498  ,RUS        ,M
reshetnikov konstantin          ,7032  ,RUS        ,M
pinzani greta                   ,8066  ,ITA        ,F
cerna anna                      ,7872  ,CZE        ,F
sadvarova karolina              ,7604  ,CZE        ,F
zhai yujia                      ,219632,CHN        ,F
ren jiaojiao                    ,219633,CHN        ,F
drax ronja                      ,8119  ,GER        ,F
tomaselli giada                 ,7408  ,ITA        ,F
pretorius alexandra             ,6660  ,CAN        ,F
hirayama yurika                 ,5204  ,JPN        ,F
heberle nik                     ,8085  ,SLO        ,M
vitez patrik                    ,7447  ,SLO        ,M
prosenc matija                  ,7370  ,SLO        ,M
bedenik tadej                   ,8338  ,SLO        ,M
jeglic timotej                  ,8404  ,SLO        ,M
zavrsnik gorazd                 ,8209  ,SLO        ,M
landerer hannes                 ,7180  ,AUT        ,M
herbstritt teodor igor          ,8083  ,SLO        ,M
kloc bryce                      ,8618  ,USA        ,M
bartolj maksim                  ,8412  ,SLO        ,M
amilkiewicz tymoteusz           ,8056  ,POL        ,M
zhao chuan                      ,8503  ,CHN        ,M
fuchs eric                      ,7670  ,GER        ,M
wrobel marcin                   ,7831  ,POL        ,M
schwei dominik                  ,7361  ,AUT        ,M
schaffer lucas                  ,6589  ,AUT        ,M
ruukel kenno                    ,7698  ,EST        ,M
longo alessio                   ,6690  ,ITA        ,M
falkensteiner michael           ,6974  ,AUT        ,M
ardelean paul gabriel           ,7340  ,ROU        ,M
klinga sebastian                ,6398  ,FIN        ,M
bolton sam                      ,7752  ,GBR        ,M
anderegg mario                  ,7227  ,SUI        ,M
echsler moritz                  ,6740  ,GER        ,M
dohnal jakub                    ,6725  ,CZE        ,M
schmalnauer maximilian          ,6884  ,AUT        ,M
hayboeck alexander              ,5495  ,AUT        ,M
khashirov assymzhan             ,5784  ,KAZ        ,M
rakparov chingiz                ,6938  ,KAZ        ,M
mah nathaniel                   ,5808  ,CAN        ,M
ganserer marc                   ,5505  ,GER        ,M
savill wesley                   ,4683  ,CAN        ,M
valitov ildar                   ,6622  ,RUS        ,M
joitova martina                 ,6787  ,CZE        ,F
haeckert melanie                ,5553  ,GER        ,F
hoeppner lucienne               ,5554  ,GER        ,F
kovaljeff kai                   ,5710  ,FIN        ,M
yliriesto kimmo                 ,2915  ,FIN        ,M
przybyla jakub                  ,5491  ,POL        ,M
polushin vladimir               ,6816  ,KAZ        ,M
engen klaus ovlien              ,6215  ,NOR        ,M
piskunova kseniia               ,8543  ,RUS        ,F
hansen gyda westvold            ,8383  ,NOR        ,F
sieff arianna                   ,7766  ,ITA        ,F
fredheim kenneth henningsmo     ,7487  ,NOR        ,M
midtsundstad hanna              ,7478  ,NOR        ,F
sawaya natsuka                  ,2196  ,JPN        ,F
seto rio                        ,7568  ,JPN        ,F
wasser yanick                   ,7658  ,SUI        ,M
viken jonas                     ,8034  ,NOR        ,M
olaussen iver                   ,219619,NOR        ,M
kuisma tomas                    ,7859  ,FIN        ,M
watanabe rikuta                 ,6149  ,JPN        ,M
royer arthur                    ,6136  ,FRA        ,M
hammer tord markussen           ,5294  ,NOR        ,M
widhoelzl noah                  ,7181  ,AUT        ,M
schuster jonas                  ,7401  ,AUT        ,M
zimmermann raffael              ,7617  ,AUT        ,M
kulmitzer dominik               ,8137  ,AUT        ,M
vinogradovs markuss             ,7339  ,LAT        ,M
stevanovic nikola               ,8376  ,SRB        ,M
zupanec david                   ,8355  ,SLO        ,M
tepes jon                       ,8477  ,SLO        ,M
kogler elias                    ,8079  ,AUT        ,M
vodusek karlo                   ,8008  ,SLO        ,M
bachlinger niklas               ,8136  ,AUT        ,M
li guozheng                     ,7844  ,CHN        ,M
tremblay stephane               ,7771  ,CAN        ,M
medwed elias                    ,8018  ,AUT        ,M
zobel veronika                  ,6403  ,GER        ,F
weigel lennart                  ,7232  ,GER        ,M
hahne benedikt                  ,7347  ,GER        ,M
ketterer julian                 ,8359  ,GER        ,M
braaten jostein saglien         ,8444  ,NOR        ,M
sluka mikulas                   ,7799  ,CZE        ,M
ludwig sebastian                ,7135  ,GER        ,M
bratlien jonas                  ,7194  ,NOR        ,M
modricker quirin                ,7592  ,GER        ,M
gerisch tom                     ,7610  ,GER        ,M
fystro eirik leander            ,8225  ,NOR        ,M
sarkisiani artur                ,6871  ,GEO        ,M
kostner nadine                  ,5516  ,ITA        ,F
pock verena                     ,5006  ,AUT        ,F
torok denisa                    ,6564  ,ROU        ,F
zhang qiuyue                    ,6601  ,CHN        ,F
cui linlin                      ,6231  ,CHN        ,F
kleven thea sofie               ,7512  ,NOR        ,F
eriksson anton                  ,7141  ,SWE        ,M
molnar kristof                  ,6984  ,HUN        ,M
hristov viktor                  ,6659  ,BUL        ,M
grigore adrian                  ,6628  ,ROU        ,M
mazurchuk dmytro                ,7435  ,UKR        ,M
szilagyi akos                   ,6075  ,HUN        ,M
kesseli juri                    ,8309  ,SUI        ,M
selbekk-hansen richard          ,8375  ,NOR        ,M
fries philipp                   ,219609,GER        ,M
steinbeisser simon              ,7626  ,GER        ,M
sieber marius                   ,8072  ,SUI        ,M
myhre iver                      ,219615,NOR        ,M
aigner xaver                    ,8065  ,AUT        ,M
stroem joergen oliver           ,8026  ,NOR        ,M
aardal johannes                 ,9348  ,NOR        ,M
imhof remo                      ,7657  ,SUI        ,M
meloe sara                      ,7223  ,NOR        ,F
smeby helena olsson             ,6173  ,NOR        ,F
klinec barbara                  ,5853  ,SLO        ,F
brocard lena                    ,7927  ,FRA        ,F
higashi akira                   ,2119  ,JPN        ,M
romang kevin                    ,7104  ,SUI        ,M
von gruenigen luca              ,6730  ,SUI        ,M
lussi miles                     ,6672  ,USA        ,M
ernst benjamin                  ,6116  ,SUI        ,M
faivre rampant julien           ,6440  ,FRA        ,M
vallet edgar                    ,7186  ,FRA        ,M
pointu jeremy                   ,6333  ,FRA        ,M
generalov ilja                  ,7421  ,RUS        ,M
claret tournier luc             ,6438  ,FRA        ,M
rabaut guillaume                ,7092  ,FRA        ,M
hug tim                         ,2563  ,SUI        ,M
saether rishi                   ,7080  ,NOR        ,M
larsson benjamin                ,6349  ,SWE        ,M
degtyarev youry                 ,6680  ,RUS        ,M
buzzi raffaele                  ,6251  ,ITA        ,M
bailey buck                     ,5220  ,USA        ,M
bychkov sergey                  ,6032  ,RUS        ,M
anken vital                     ,5232  ,SUI        ,M
schabereiter florian            ,5442  ,AUT        ,M
kantor lukas                    ,6978  ,CZE        ,M
mech robert                     ,6566  ,CZE        ,M
rajnoch pavel                   ,5211  ,CZE        ,M
szymeczek robert                ,6977  ,CZE        ,M
ondrejka tomas                  ,7007  ,SVK        ,M
rogelj urban                    ,6892  ,SLO        ,M
martinc anze                    ,5281  ,SLO        ,M
seme urban                      ,6722  ,SLO        ,M
durco dominik                   ,7031  ,SVK        ,M
mustafin vladislav              ,8352  ,RUS        ,M
faisst jannik                   ,8116  ,GER        ,M
aalien fredrik                  ,6573  ,NOR        ,M
korhonen jani                   ,6841  ,FIN        ,M
drozdov serhiy                  ,6461  ,UKR        ,M
herola matti                    ,6776  ,FIN        ,M
sviridov igor                   ,6493  ,KAZ        ,M
hellerud andreas myhre          ,6400  ,NOR        ,M
larsson josef                   ,5346  ,SWE        ,M
ristad mathias                  ,6583  ,NOR        ,M
skeie sondre                    ,6204  ,NOR        ,M
moe jon haakon                  ,6214  ,NOR        ,M
hagemoen leif marius            ,6247  ,NOR        ,M
lianes tommy                    ,6025  ,NOR        ,M
nishimori kaito                 ,7562  ,JPN        ,M
gobozovi alan                   ,7685  ,GEO        ,M
shumbarets oleksandr            ,7709  ,UKR        ,M
kusaka ryuki                    ,7498  ,JPN        ,M
matavin nikolai                 ,7705  ,RUS        ,M
oblak rok                       ,7537  ,SLO        ,M
grebeniuk vitaliy               ,7708  ,UKR        ,M
arslan salih enes               ,8347  ,TUR        ,M
oi shun                         ,7749  ,JPN        ,M
oshepkov stanislav              ,5468  ,RUS        ,M
kumerdej matjaz                 ,6047  ,SLO        ,M
tomazin ziga                    ,5631  ,SLO        ,M
sinkovec nace                   ,6486  ,SLO        ,M
ferkov ozbej                    ,6506  ,SLO        ,M
gundersson erik                 ,6351  ,SWE        ,M
lebar matej                     ,6471  ,SLO        ,M
maurer manon                    ,7068  ,USA        ,F
shalushinina galina             ,7129  ,KAZ        ,F
solovyeva natalia               ,7270  ,RUS        ,F
sipos gaudi andreea             ,7249  ,ROU        ,F
boeriu ioana                    ,6808  ,ROU        ,F
sieff annika                    ,7616  ,ITA        ,F
jaekle anna                     ,8005  ,GER        ,F
alzhanova viktoriya             ,7131  ,KAZ        ,F
niederberger lean               ,7517  ,SUI        ,M
chervet jules                   ,8014  ,FRA        ,M
ahibalau mikita                 ,6677  ,BLR        ,M
mulyk vadym                     ,7044  ,UKR        ,M
skachilov vladislav             ,7033  ,RUS        ,M
juffinger thomas                ,5819  ,AUT        ,M
maeaettae antti                 ,5799  ,FIN        ,M
keil daniel                     ,6718  ,AUT        ,M
goeschl kevin                   ,5948  ,AUT        ,M
gruber markus                   ,6083  ,AUT        ,M
samsonov yury                   ,6035  ,RUS        ,M
hosoyama shusaku                ,4024  ,JPN        ,M
eklund simon                    ,6420  ,SWE        ,M
bogataj tine                    ,6893  ,SLO        ,M
komar tinkara                   ,8214  ,SLO        ,F
ni xiaotong                     ,219636,CHN        ,F
kummer laura                    ,6777  ,AUT        ,F
hoyau marie                     ,6790  ,FRA        ,F
jelovcan florjan                ,6469  ,SLO        ,M
spiewok simon                   ,7689  ,GER        ,M
hoyer eric                      ,7623  ,GER        ,M
koenig tobias                   ,7634  ,GER        ,M
schwarz sebastian               ,7384  ,GER        ,M
khodykin dmitry                 ,8146  ,RUS        ,M
wang shaopeng                   ,8522  ,CHN        ,M
lee landon                      ,8598  ,USA        ,M
jindrisek jiri                  ,8417  ,CZE        ,M
zeng jincheng                   ,8504  ,CHN        ,M
sherstnev mikhail               ,219623,RUS        ,M
shchegolev daniil               ,8198  ,RUS        ,M
cecon alexander                 ,8342  ,ITA        ,M
wilkinson canden                ,8409  ,USA        ,M
grundmann paul justus           ,8113  ,GER        ,M
camenzind noah                  ,7399  ,SUI        ,M
duka maksim                     ,7159  ,RUS        ,M
baarset astrid louise           ,7890  ,NOR        ,F
oeihaugen thea                  ,7906  ,NOR        ,F
simov daniel                    ,6138  ,BUL        ,M
cerny filip                     ,7052  ,CZE        ,M
heumann niclas                  ,8143  ,GER        ,M
goller max                      ,7113  ,GER        ,M
wada tomokatsu                  ,6785  ,JPN        ,M
mabuchi tomoru                  ,7301  ,JPN        ,M
lundberg julia                  ,7506  ,SWE        ,F
rashitova adelya                ,6673  ,RUS        ,F
kvarstad simen                  ,219951,NOR        ,M
aslesen sindre trier            ,219613,NOR        ,M
hagen flemming dolonen          ,8398  ,NOR        ,M
langmo isak andreas             ,219702,NOR        ,M
myrvang sigurd                  ,219610,NOR        ,M
oestvold fabian                 ,8046  ,NOR        ,M
opsahl martin tonby             ,219618,NOR        ,M
haugeng simen meen              ,8030  ,NOR        ,M
nazarenko svyatoslav            ,219683,KAZ        ,M
klimov nikolay                  ,219679,KAZ        ,M
oyvindsson anton                ,8380  ,ISL        ,M
thorshov oeystein               ,8229  ,NOR        ,M
utby boerge hansen              ,219960,NOR        ,M
joergensen sindre ulven         ,8227  ,NOR        ,M
gran fredrik                    ,8242  ,NOR        ,M
buechel alina                   ,8284  ,LIE        ,F
koldovska tereza                ,7862  ,CZE        ,F
malacinski annika               ,219643,USA        ,F
istenic veronika                ,8340  ,SLO        ,F
jereb ana                       ,8130  ,SLO        ,F
takhtakhunov assan              ,4597  ,KAZ        ,M
aschenwald patrick              ,6922  ,AUT        ,M
sukhomeniuk roman               ,7045  ,UKR        ,M
oinas annamaija                 ,8192  ,FIN        ,F
tukhtaeva amina                 ,7580  ,KAZ        ,F
frischmann erik                 ,7023  ,GER        ,M
komaba shinya                   ,6572  ,JPN        ,M
watanabe tomoya                 ,5968  ,JPN        ,M
hitzinger kathrin               ,219764,GER        ,F
mihelcic zala                   ,219695,SLO        ,F
burger magdalena                ,8447  ,GER        ,F
krasovic nika                   ,8460  ,SLO        ,F
jesenko jerica                  ,8438  ,SLO        ,F
ystgaard oddvar                 ,5985  ,NOR        ,M
kykkaenen jere                  ,5116  ,FIN        ,M
niedhart lukas                  ,6081  ,SUI        ,M
vanini edouard                  ,6792  ,FRA        ,M
espiau martin                   ,5652  ,FRA        ,M
berney guillaume                ,5434  ,SUI        ,M
akhabadze sergey                ,7496  ,GEO        ,M
kaiser ben                      ,6678  ,USA        ,M
stretch max                     ,7754  ,CAN        ,M
rolseth noah                    ,8174  ,CAN        ,M
hess jakob                      ,7000  ,SUI        ,M
perini janne                    ,7481  ,SUI        ,M
fuchs manuel                    ,6869  ,SUI        ,M
mueller pascal                  ,7108  ,SUI        ,M
indrackova anezka               ,8269  ,CZE        ,F
toropchenova diana              ,8551  ,RUS        ,F
dejori daniela                  ,7522  ,ITA        ,F
abduhalilov ibraim              ,7125  ,KAZ        ,M
chizhov fedor                   ,7725  ,RUS        ,M
zografski martin                ,6658  ,BUL        ,M
beisvaag maria hurtado          ,6866  ,NOR        ,F
stare agata                     ,6477  ,SLO        ,F
karlengen silje                 ,6348  ,NOR        ,F
gawron joanna                   ,5484  ,POL        ,F
kvernmo pernille                ,7918  ,NOR        ,F
nowak jenny                     ,7674  ,GER        ,F
hirner lisa                     ,7933  ,AUT        ,F
mekhonoshin ivan                ,7117  ,RUS        ,M
supola robert                   ,7817  ,CZE        ,M
cirulis martins                 ,7338  ,LAT        ,M
stemberger matija               ,6895  ,SLO        ,M
yudin artem                     ,7160  ,RUS        ,M
baskakov ilya                   ,7471  ,RUS        ,M
sagbakken mats k.               ,7483  ,NOR        ,M
pavlenko oleg                   ,7910  ,RUS        ,M
vakhrushev aleksandr            ,8147  ,RUS        ,M
nikolaev konstantin             ,8145  ,RUS        ,M
maurer dillon                   ,6847  ,USA        ,M
knickerbocker spencer           ,6833  ,USA        ,M
bliss andrew                    ,5327  ,USA        ,M
hlyvka vladymyr                 ,2549  ,UKR        ,M
stupar gasper                   ,6293  ,SLO        ,M
schneider balthasar             ,2965  ,AUT        ,M
mueller roland                  ,4144  ,AUT        ,M
lackner daniel                  ,4706  ,AUT        ,M
urbas damian                    ,6164  ,POL        ,M
yurkevich aliaksandr            ,6676  ,BLR        ,M
sharabayev sergey               ,2908  ,KAZ        ,M
lunardi andrew                  ,5931  ,ITA        ,M
ravnik kristijan                ,6476  ,SLO        ,M
brunner niklas                  ,7225  ,GER        ,M
rzadkosz jan                    ,7396  ,POL        ,M
krzempek milosz                 ,8310  ,POL        ,M
brodsky josef                   ,7409  ,CZE        ,M
hermanson ivo-niklas            ,6950  ,EST        ,M
kagu markkus                    ,8264  ,EST        ,M
hofer-zauner michael            ,7914  ,AUT        ,M
pirnovar katarina               ,219835,SLO        ,F
vidmar ursa                     ,8292  ,SLO        ,F
kosir taja                      ,219869,SLO        ,F
bodlaj taja                     ,219662,SLO        ,F
white trent                     ,7525  ,USA        ,M
livreri landon                  ,7510  ,USA        ,M
polz matthew                    ,6855  ,CAN        ,M
tian zhandong                   ,1901  ,CHN        ,M
sun jianping                    ,5720  ,CHN        ,M
akchurin ruslan                 ,7902  ,RUS        ,M
tovkes nikita                   ,7874  ,RUS        ,M
anchugin stanislav              ,7123  ,KAZ        ,M
oztasyonar mustafa              ,6178  ,TUR        ,M
solcan mihai andrei             ,6989  ,ROU        ,M
kolodziej krystian              ,7133  ,POL        ,M
sheynov vasil                   ,7316  ,BUL        ,M
saito shota                     ,6813  ,JPN        ,M
kinoshita yuto                  ,7364  ,JPN        ,M
chindris maria daria            ,7548  ,ROU        ,F
akhmetvaliyeva dayana           ,7130  ,KAZ        ,F
stefan raluca iulia             ,7296  ,ROU        ,F
noskova glafira                 ,7724  ,RUS        ,F
immens mollie                   ,7733  ,USA        ,F
ichinohe kurumi                 ,8253  ,JPN        ,F
aikia julia                     ,219797,FIN        ,F
mesikova tamara                 ,8356  ,SVK        ,F
ptackova veronika               ,7215  ,CZE        ,F
kleven sander                   ,7280  ,NOR        ,M
myhr sverre aas                 ,7432  ,NOR        ,M
randen jakob tjaaland           ,7430  ,NOR        ,M
johannessen erik                ,7731  ,NOR        ,M
berg joergen                    ,7730  ,NOR        ,M
dahl oliver                     ,7488  ,NOR        ,M
tigin alexander                 ,7036  ,RUS        ,M
pittin alessandro               ,4728  ,ITA        ,M
braud francois                  ,4588  ,FRA        ,M
hu jingtao                      ,7843  ,CHN        ,M
white jack                      ,6958  ,FRA        ,M
hosoda shotaro                  ,5197  ,JPN        ,M
mueller sandra                  ,7379  ,GER        ,F
hubinger eva                    ,8139  ,AUT        ,F
hermanova petra                 ,7864  ,CZE        ,F
weinlichova simona              ,7798  ,CZE        ,F
maurus sophia                   ,7768  ,GER        ,F
jurosz jakub                    ,7243  ,POL        ,M
vyvial marcel                   ,7475  ,CZE        ,M
hoefler tucker                  ,7744  ,USA        ,M
ledger beckett                  ,7738  ,USA        ,M
sutiagina alena                 ,7039  ,RUS        ,F
wang meiting                    ,6648  ,CHN        ,F
karpenko anatoliy               ,5789  ,KAZ        ,M
aaraas jon                      ,4882  ,NOR        ,M
hautamaeki jussi                ,1990  ,FIN        ,M
lindstroem veli-matti           ,2903  ,FIN        ,M
reuschel sebastian              ,6864  ,GER        ,M
yip raven                       ,6852  ,CAN        ,F
morrice trevor                  ,4682  ,CAN        ,M
cooper mani                     ,8486  ,GBR        ,F
gobozova esmeralda              ,7376  ,GEO        ,F
zhou fangyu                     ,8317  ,CHN        ,F
kubota machiko                  ,7815  ,JPN        ,F
thurnbichler thomas             ,4715  ,AUT        ,M
ylipulli miika                  ,6238  ,FIN        ,M
hizar niko                      ,5620  ,SLO        ,M
mekhetka aliaksandr             ,6674  ,BLR        ,M
kopesbayev abylay               ,6142  ,KAZ        ,M
krajncan urh                    ,6108  ,SLO        ,M
schwinghammer alois             ,5913  ,GER        ,M
vitez robert                    ,6335  ,SLO        ,M
weiss daniel                    ,5502  ,GER        ,M
reiter christian                ,5437  ,AUT        ,M
bogataj jure                    ,4009  ,SLO        ,M
jaekle jonas                    ,219625,GER        ,M
sakano yukio                    ,2933  ,JPN        ,M
lappi arttu                     ,4547  ,FIN        ,M
li yang                         ,1900  ,CHN        ,M
malyjurek mateusz               ,7696  ,POL        ,M
maroe idar                      ,7042  ,NOR        ,M
staszel mateusz                 ,7699  ,POL        ,M
korody christian                ,7515  ,NOR        ,M
lauvsland karoline              ,8368  ,NOR        ,F
kugler aaron                    ,7828  ,AUT        ,M
morin jannik                    ,8086  ,AUT        ,M
alchikov maksim                 ,8073  ,RUS        ,M
miasnikov artem                 ,219605,RUS        ,M
bukin danila                    ,219741,RUS        ,M
takanashi kanta                 ,6153  ,JPN        ,M
nishikata shingo                ,6354  ,JPN        ,M
gonthier nicolas                ,5602  ,FRA        ,M
hettich tim                     ,8205  ,GER        ,M
braun finn                      ,7387  ,GER        ,M
begrand mael                    ,219763,FRA        ,M
hladnik matic                   ,7876  ,SLO        ,M
gay julien                      ,8117  ,FRA        ,M
milesi enzo                     ,8013  ,FRA        ,M
lipovsek rocnik miha            ,7647  ,SLO        ,M
wakolbinger lukas               ,7531  ,AUT        ,M
bakke edvart myrvang            ,7257  ,NOR        ,M
oevregaard jonas schoien        ,6250  ,NOR        ,M
hulloeen bendik                 ,7119  ,NOR        ,M
repellin ari                    ,8252  ,FRA        ,M
imhof mauro                     ,8071  ,SUI        ,M
nordman janne                   ,5528  ,FIN        ,M
swedberg jonathan               ,8416  ,SWE        ,M
roestad emilie serina           ,7919  ,NOR        ,F
mohlen jonna                    ,7700  ,SWE        ,F
dzhafarov zakhir                ,8215  ,RUS        ,M
koelle selina                   ,219642,GER        ,F
fickowski wiktor                ,7869  ,POL        ,M
wegrzynkiewicz wiktor           ,8096  ,POL        ,M
rys robert                      ,8124  ,POL        ,M
majerczyk stanislaw             ,7663  ,POL        ,M
kocher shane                    ,219648,USA        ,M
hauer nicole                    ,4931  ,GER        ,F
dostal stanislav                ,6726  ,CZE        ,M
julinek patrik                  ,7797  ,CZE        ,M
sablatura petr                  ,7319  ,CZE        ,M
slavik frantisek                ,7800  ,CZE        ,M
schaale max                     ,6738  ,GER        ,M
kroell florian                  ,8358  ,AUT        ,M
takahashi daito                 ,4503  ,JPN        ,M
bobrakova alina                 ,7037  ,RUS        ,F
alchikova liubov                ,6597  ,RUS        ,F
aleksandrova maria              ,6686  ,RUS        ,F
romaniuk liliia                 ,7417  ,UKR        ,F
riiber jarl magnus              ,6531  ,NOR        ,M
rogans cory                     ,7755  ,CAN        ,M
kaltenboeck bastian             ,4012  ,AUT        ,M
hagen ida marie                 ,8384  ,NOR        ,F
bickner kailey                  ,7916  ,USA        ,F
pylypchuk ivan                  ,8151  ,UKR        ,M
shubitidze george               ,6870  ,GEO        ,M
kozanashvili vazha              ,7357  ,GEO        ,M
hao yanjie                      ,8320  ,CHN        ,F
gundersrud adrian thon          ,8233  ,NOR        ,M
takehana daimatsu               ,7810  ,JPN        ,M
eggen ingrid                    ,7794  ,NOR        ,F
mathisen madeleine kvam         ,7792  ,NOR        ,F
white matthew                   ,7736  ,USA        ,M
loe jostein                     ,7081  ,NOR        ,M
saapunki joni                   ,7924  ,FIN        ,M
nekhoroshev ivan                ,7583  ,KAZ        ,M
solberg christian roeste        ,7484  ,NOR        ,M
guignard antoine                ,2061  ,SUI        ,M
gasienica lucas                 ,6783  ,USA        ,M
kaverinen tanja                 ,6768  ,FIN        ,F
negrebetskii vasilii            ,8394  ,RUS        ,M
kankenov anton                  ,5606  ,KAZ        ,M
lehenberger sven                ,6132  ,GER        ,M
mueller christoph               ,6280  ,GER        ,M
schmid alexander                ,5880  ,GER        ,M
pohle ludwig                    ,5902  ,GER        ,M
moeckel ron                     ,5877  ,GER        ,M
wilfert nils                    ,6112  ,GER        ,M
baumunk martin                  ,6650  ,GER        ,M
saapunki sami                   ,5795  ,FIN        ,M
sawara takashi                  ,4010  ,JPN        ,M
sasaki yuhei                    ,4849  ,JPN        ,M
tanaka shota                    ,4269  ,JPN        ,M
ahonen pasi                     ,2902  ,FIN        ,M
sakurai riko                    ,8164  ,JPN        ,F
osanai yoshihiko                ,4302  ,JPN        ,M
wang sijia                      ,8318  ,CHN        ,F
cieslar mateusz                 ,5159  ,POL        ,M
selbach lena                    ,6545  ,GER        ,F
schmidt debora                  ,6568  ,GER        ,F
thors alva                      ,8191  ,FIN        ,F
titov ruslan                    ,7086  ,RUS        ,M
moureaux faustin                ,8250  ,FRA        ,M
trunz felix                     ,8272  ,SUI        ,M
zykov dmitrii                   ,219766,RUS        ,M
hankova natalia                 ,7826  ,SVK        ,F
stankevica elizabete            ,7405  ,LAT        ,F
airisniemi markus               ,8133  ,FIN        ,M
miettinen juha                  ,3144  ,FIN        ,M
lee robert                      ,6946  ,EST        ,M
silvester jernej                ,6516  ,SLO        ,M
chava vasyl                     ,7436  ,UKR        ,M
puntel alice                    ,6691  ,ITA        ,F
bernoud tim                     ,6979  ,FRA        ,M
hutyra patryk                   ,7334  ,POL        ,M
laheurte maxime                 ,4915  ,FRA        ,M
lacroix sebastien               ,5735  ,FRA        ,M
fuhre jan                       ,5973  ,NOR        ,M
hast marius aas                 ,7775  ,NOR        ,M
fredriksen nicolai langseth     ,7776  ,NOR        ,M
konvalinka jiri                 ,7606  ,CZE        ,M
lund mari leinan                ,7887  ,NOR        ,F
maanum markus                   ,7431  ,NOR        ,M
hoegden harald deraas           ,7479  ,NOR        ,M
aasberg nikolai                 ,6733  ,NOR        ,M
khazeev ratmir                  ,7465  ,RUS        ,M
knutsson elina                  ,5513  ,SWE        ,F
heikkinen noora                 ,6605  ,FIN        ,F
kubena lukas                    ,7205  ,CZE        ,M
zelger erja                     ,6936  ,SUI        ,F
harsche katarzyna               ,8155  ,POL        ,F
bezuchova nina                  ,7827  ,SVK        ,F
gundersson matilda              ,7504  ,SWE        ,F
li jingwen                      ,8321  ,CHN        ,F
piho kail                       ,5647  ,EST        ,M
pekkala olli                    ,4909  ,FIN        ,M
smith tyler                     ,5230  ,USA        ,M
hoffman taylor                  ,3231  ,USA        ,M
voutilainen tatu                ,8195  ,FIN        ,M
holopainen valtteri             ,219760,FIN        ,M
merilainen eelis                ,219762,FIN        ,M
nakamura yuto                   ,8533  ,JPN        ,M
bruce mahni                     ,6853  ,CAN        ,F
moser marco                     ,6546  ,SUI        ,M
fuchs pascal                    ,6539  ,SUI        ,M
fischer bjoern                  ,6007  ,SUI        ,M
parpala joonas                  ,6770  ,FIN        ,M
pulkkinen niko                  ,6908  ,FIN        ,M
herola ilkka                    ,6017  ,FIN        ,M
nosal mojmir                    ,5674  ,SVK        ,M
pendziviater michal             ,7491  ,SVK        ,M
nara takumi                     ,6268  ,JPN        ,M
lyons john                      ,5099  ,USA        ,M
scharfenberg anna-fay           ,219810,GER        ,F
kovacic maja                    ,219732,SLO        ,F
loomis ben                      ,6817  ,USA        ,M
chervet emma                    ,8552  ,FRA        ,F
zepchi lilou                    ,8303  ,FRA        ,F
rougeron emma                   ,8235  ,FRA        ,F
durand poudret lexane           ,219657,FRA        ,F
brnot luka                      ,5022  ,SLO        ,M
meis vilma                      ,8193  ,FIN        ,F
miyajima ringo                  ,8255  ,JPN        ,F
selbekk mathilde aarva          ,219639,NOR        ,F
airiau gautier                  ,5318  ,FRA        ,M
jirotka david                   ,2992  ,CZE        ,M
kartau toenis                   ,5176  ,EST        ,M
froeier tobias                  ,8415  ,SWE        ,M
gaarder jens                    ,7189  ,NOR        ,M
didier oriane                   ,219805,FRA        ,F
mengin justine                  ,219804,FRA        ,F
prinoth lena                    ,7639  ,ITA        ,F
dollberg celina                 ,7054  ,GER        ,F
mandl rok                       ,5130  ,SLO        ,M
damjan anze                     ,4737  ,SLO        ,M
fartunov petar                  ,1946  ,BUL        ,M
bukowski jan                    ,7360  ,POL        ,M
galica jan                      ,8621  ,POL        ,M
kupczak szczepan                ,6423  ,POL        ,M
brenna leif christian           ,7480  ,NOR        ,M
pedersen peder naevestad        ,7485  ,NOR        ,M
zelger daniel                   ,6538  ,SUI        ,M
lafarge geoffrey                ,5734  ,FRA        ,M
morozov valerii                 ,7203  ,UKR        ,M
eggen rebecca                   ,7793  ,NOR        ,F
didier nicolas                  ,6712  ,FRA        ,M
jacquier romain                 ,5738  ,FRA        ,M
robert anthony                  ,6644  ,FRA        ,M
langer jonas                    ,6689  ,AUT        ,M
kleis felix                     ,5928  ,GER        ,M
martin nicolas                  ,5603  ,FRA        ,M
cailleau wilfried               ,5600  ,FRA        ,M
guy samuel                      ,5094  ,FRA        ,M
kosak jakob                     ,7353  ,GER        ,M
althaus felix                   ,7004  ,GER        ,M
braatane sondre vestoel         ,7051  ,NOR        ,M
peklaj matija                   ,7009  ,SLO        ,M
gobel cristian angelo           ,8626  ,ROU        ,M
mariotti domenico               ,7599  ,ITA        ,M
kauhanen mika                   ,5355  ,FIN        ,M
oustad mathilde                 ,8544  ,NOR        ,F
farkas pavel                    ,5392  ,CZE        ,M
kuban robert                    ,5694  ,CZE        ,M
jerabek rudolf                  ,6181  ,CZE        ,M
xing chenhui                    ,5721  ,CHN        ,M
crnko rok                       ,6475  ,SLO        ,M
piater maximilian               ,6666  ,GER        ,M
johansen marius fredrik         ,5989  ,NOR        ,M
merts emil                      ,6940  ,KAZ        ,M
park je-un                      ,6336  ,KOR        ,M
leischker dominik               ,6282  ,GER        ,M
heinz henrik                    ,6064  ,GER        ,M
rastad morten oegar             ,5975  ,NOR        ,M
denney andre                    ,6876  ,USA        ,M
swider stanislaw                ,4735  ,POL        ,M
oja mihkel                      ,6410  ,EST        ,M
lokaj szymon                    ,7446  ,POL        ,M
markin artem                    ,7427  ,RUS        ,M
lian kristian                   ,7082  ,NOR        ,M
markin victor                   ,7425  ,RUS        ,M
hatle filip                     ,7440  ,CZE        ,M
mizirev aleksandr               ,7424  ,RUS        ,M
rosko vladimir                  ,2174  ,SVK        ,M
malyshev valentin               ,7426  ,RUS        ,M
mentil clara                    ,8299  ,AUT        ,F
lobben thomas                   ,2939  ,NOR        ,M
gong shouyi                     ,8366  ,CHN        ,M
kutsevych artem                 ,7415  ,UKR        ,M
herasymiuk vladyslav            ,8623  ,UKR        ,M
zhang shuai                     ,8365  ,CHN        ,M
amble espen alexander johansen  ,8027  ,NOR        ,M
vikan simen                     ,8245  ,NOR        ,M
didier maela                    ,8236  ,FRA        ,F
santelj stas                    ,7646  ,SLO        ,M
kvaal bjoernar                  ,8487  ,NOR        ,M
cala sebastien                  ,6174  ,FRA        ,M
menz benedikt                   ,6667  ,GER        ,M
stroemhaug peder skjaeret       ,7516  ,NOR        ,M
neuhold jan                     ,7449  ,AUT        ,M
flotten erlend                  ,7429  ,NOR        ,M
leitner patrick                 ,6541  ,AUT        ,M
sturm micha                     ,219649,SUI        ,M
daniels zach                    ,6830  ,USA        ,M
yamamoto kenta                  ,4272  ,JPN        ,M
gornostaev roman                ,5472  ,RUS        ,M
rygl david                      ,8047  ,CZE        ,M
hughes blake                    ,4625  ,USA        ,M
hoffmann elyse                  ,6489  ,USA        ,F
ellis brenna                    ,2567  ,USA        ,F
wallace elizabeth               ,6815  ,USA        ,F
saifullina adel                 ,7046  ,RUS        ,F
buff simone                     ,7659  ,SUI        ,F
makhinia liia                   ,7883  ,RUS        ,F
suter charlotte                 ,7287  ,SUI        ,F
stephani pauline                ,7380  ,GER        ,F
virrantalo markus               ,6964  ,FIN        ,M
drinovec jaka                   ,219668,SLO        ,M
anisimov maksim                 ,4947  ,BLR        ,M
sindler denis                   ,5675  ,SVK        ,M
rosar urh                       ,8211  ,SLO        ,M
jekovec kristjan                ,8423  ,SLO        ,M
gerard antoine                  ,6713  ,FRA        ,M
camerota eric                   ,4755  ,USA        ,M
leetoja aldo                    ,5644  ,EST        ,M
demong bill                     ,5016  ,USA        ,M
graves willy                    ,4754  ,USA        ,M
kowal dawid                     ,4991  ,POL        ,M
kudriavtsev nikita              ,7901  ,RUS        ,M
kokrin vladislav                ,7900  ,RUS        ,M
berzina liga                    ,7423  ,LAT        ,F